{
	"contact": {
		"1": -0.0042195268250578314,
		"10": -0.013843079444467974,
		"11": -0.015014973084707317,
		"12": -0.015824500613224785,
		"2": -0.005301892993535577,
		"3": -0.006437326673131449,
		"4": -0.007576297019707348,
		"5": -0.008651787441412463,
		"6": -0.009748261513109894,
		"7": -0.010805358641291169,
		"8": -0.011839481597843773,
		"9": -0.01283471902257864
	},
	"dipole": {
		"0.025": {
			"1": -0.004696258308119634,
			"10": -0.025500644575968623,
			"11": -0.02875513163529728,
			"12": -0.032147446769793434,
			"2": -0.006222107148596074,
			"3": -0.007991480213001381,
			"4": -0.00988009997121418,
			"5": -0.011928020296590547,
			"6": -0.014286598469125836,
			"7": -0.016833694041229565,
			"8": -0.01930140529253606,
			"9": -0.022510893253719633
		},
		"0.060": {
			"1": -0.005920438634157027,
			"2": -0.008552940715371993,
			"3": -0.011903565511617413,
			"4": -0.015913540477747776,
			"5": -0.020615356297733423,
			"6": -0.025747149840086483,
			"7": -0.032035302086685036
		},
		"0.100": {
			"1": -0.00608391957147719,
			"10": -0.059051629803439996,
			"11": -0.06966455228320499,
			"12": -0.0821470168102332,
			"2": -0.008845275997307936,
			"3": -0.01237909100222066,
			"4": -0.016710931898187262,
			"5": -0.0216247654046833,
			"6": -0.027627166011510197,
			"7": -0.03403950881209814,
			"8": -0.04147165477057266,
			"9": -0.05040374624373812
		}
	}
}
